Result of replaying BPIC2013-OpenProblems on BPI Challenge 2013, open problems

Index,Case IDs,NumOfCases,IsReliable,"Raw Fitness Cost Lo","Decomposed Sync-Move Numerator","Raw Fitness Cost Hi","Sync-Move Fitness","Raw Fitness Cost","Calculation Time (ms)","Max Move-Log Cost","Decomposed Sync-Move Fitness","Decomposed Sync-Move Denominator","Raw Fitness Perc Hi","Raw Fitness Cost Max","Raw Fitness Perc Lo",Match
1,"1-354039443|1-357087417|1-363549934|1-364528467|1-366584206|1-366923538|1-372978779|1-373110819|1-373268674|1-373413519|1-373413971|1-380392616|1-380527184|1-380654568|1-382442048|1-384757914|1-385311756|1-388644366|1-392812598|1-397446945|1-402328919|1-403006315|1-406066421|1-408853759|1-413665008|1-417868043|1-418122119|1-419236954|1-422877530|1-424065923|1-431797119|1-433309965|1-506092586|1-507679771|1-510399424|1-511787661|1-513031774|1-513180623|1-517002080|1-517045062|1-518362551|1-522222222|1-522734472|1-523069229|1-523392191|1-525589021|1-526037041|1-530147896|1-532084405|1-533851634|1-538467021|1-539000895|1-541565290|1-545370610|1-550611848|1-564903210|1-566096602|1-572625937|1-572730349|1-574271413|1-577196856|1-578252937|1-579636429|1-581740771|1-582296121|1-583931536|1-587383007|1-588543315|1-589421537|1-589962550|1-590579544|1-594666837|1-595687232|1-597616526|1-603798757|1-605279637|1-607840637|1-607934151|1-617049384|1-619254483|1-620015297|1-621039603|1-621322866|1-622652886|1-622856843|1-624219528|1-624745314|1-628078553|1-628669941|1-631001113|1-634487640|1-634506651|1-634533656|1-635382525|1-637059802|1-637713651|1-639881579|1-640059801|1-641023492|1-641306231|1-643556695|1-644748889|1-649887393|1-650135511|1-650892393|1-652270498|1-652874271|1-652925445|1-655536176|1-657368644|1-658092528|1-659231191|1-659376592|1-659539868|1-659618631|1-660873096|1-660949435|1-661231558|1-663851111|1-664579051|1-669202942|1-669804759|1-672743704|1-673143636|1-673151866|1-675664904|1-679235759|1-682342767|1-684108661|1-686581779|1-687587336|1-687830906|1-689341321|1-690327801|1-690458151|1-691031201|1-691146566|1-691786330|1-691832225|1-693357728|1-694420679|1-694808152|1-695801720|1-695946177|1-696057890|1-697366925|1-697578650|1-698077265|1-698524631|1-699010040|1-700362905|1-702304430|1-704229584|1-705847575|1-706866666|1-706988783|1-707693471|1-707704098|1-708716045|1-710109531|1-718132104|1-719999163|1-726808501|1-729711756|1-729826369|1-731792664|1-743659911|1-744020867|1-744096281|1-744436815|1-744771526|1-744812279|1-745590142|1-746011641|1-746123906|1-746662619|1-748438405|1-749747547",178,Yes,"0,00","5,00","0,00","1,00","0,00","1,00","20,00","1,00","5,00","1,00","24,00","1,00",[M-INVI]tau split|[L/M]Accepted|[M-INVI]tau from tree|[L/M]Completed|[M-INVI]tau join
2,"1-606971198|1-636852199|1-738285921|1-738538186|1-739271601|1-739323204|1-740527376|1-740829883|1-741545507|1-741547216|1-741583418|1-741647211|1-741672841|1-741674039|1-741826252|1-741867303|1-742134325|1-742230262|1-742257742|1-742397639|1-742746815|1-742765946|1-742838561|1-742980945|1-743110322|1-743358071|1-743367526|1-743483832|1-743549026|1-743628673|1-744092992|1-744103178|1-744207783|1-744617566|1-744950276|1-745019964|1-745082895|1-745418021|1-745542401|1-745625831|1-745886321|1-745966287|1-745991925|1-746009843|1-746057054|1-746129221|1-746246761|1-746306469|1-746854891|1-746973401|1-747042322|1-747173974|1-747590161|1-747770943|1-748414511|1-748432219|1-748764090|1-748801231|1-749042472|1-749053411|1-749112097|1-749285083|1-749285250|1-749285407|1-749306975|1-749307260|1-749402183|1-749550065|1-749657781|1-749760823|1-749821849|1-749871888|1-749886936|1-749931426|1-750196720|1-750209134|1-750209298|1-750239221|1-750255303|1-750293610|1-750473129|1-750823791|1-750838075|1-751197742|1-751277838|1-751447190|1-751492205|1-751568641|1-751689562|1-751904239|1-752158401|1-752184442|1-752195185|1-752253951|1-752521529|1-752542242|1-752580191|1-752809009|1-753034398|1-753118981|1-753119403|1-753287118|1-753646102|1-753713441|1-753768558|1-753878023|1-754450223|1-754450603|1-754744405|1-755039071|1-755123451|1-755198841|1-755248531|1-755478621|1-755773369|1-755797667|1-756111935|1-756296861|1-756603706|1-756787020|1-756979533|1-757589842|1-757615671|1-757709801|1-757779170|1-757793972|1-757936055|1-758090698|1-758109531|1-758210759|1-758235785|1-758672701|1-758764831|1-758849852|1-758976470|1-758983319|1-759020352|1-759169644",138,Yes,"0,00","5,00","0,00","1,00","0,00","0,00","10,00","1,00","5,00","1,00","14,00","1,00",[M-INVI]tau split|[M-INVI]tau from tree|[M-INVI]tau from tree|[L/M]Accepted|[M-INVI]tau join
3,"1-354350908|1-354376900|1-366698569|1-366726662|1-399628501|1-534493180|1-584812041|1-593312167|1-600432558|1-622847448|1-628105478|1-737323915|1-738820901|1-739196611|1-739220231|1-739276320|1-741556827|1-742383121|1-742498161|1-742516187|1-742748687|1-742748728|1-743052684|1-743163074|1-743289531|1-743310191|1-743395731|1-743404481|1-744055890|1-744073361|1-744088765|1-744092373|1-744165506|1-744849671|1-745061554|1-745380511|1-745402650|1-745647199|1-746049852|1-746052232|1-746318085|1-746582460|1-746599948|1-747003445|1-747011587|1-747011867|1-748028911|1-748341571|1-748341709|1-748373500|1-748531941|1-748843986|1-748947671|1-749162875|1-749184198|1-749184744|1-749184839|1-749290225|1-749313527|1-749375951|1-749527522|1-749572004|1-749614245|1-749938024|1-750161066|1-750161245|1-750179984|1-751140095|1-751457471|1-751683081|1-751729551|1-751772104|1-752262129|1-752541471|1-752643661|1-752702791|1-752799402|1-753140751|1-753170915|1-753174310|1-753202887|1-753244396|1-753244555|1-753244649|1-753362545|1-753815551|1-753815676|1-753944613|1-754350709|1-754539158|1-754582299|1-755151337|1-755193882|1-755218095|1-755985697|1-756265856|1-756926423|1-756998975|1-758257831|1-758346501|1-758417452|1-758685504|1-758719001|1-758730027|1-758763414|1-758781027|1-758784721|1-758784862|1-758914871|1-759255125|1-759255152|1-759318221",112,Yes,"10,00","5,00","10,00","0,83","10,00","0,00","20,00","0,83","6,00","0,58","24,00","0,58",[M-INVI]tau split|[M-INVI]tau from tree|[L]Accepted|[L/M]Accepted|[M-INVI]tau from tree|[M-INVI]tau join
4,"1-372029512|1-374832944|1-378744625|1-404005175|1-429498598|1-430880486|1-439833168|1-443175071|1-479002951|1-489198755|1-510142147|1-520127960|1-520705880|1-527208576|1-535439201|1-539083171|1-539805130|1-565905115|1-566661201|1-579250167|1-584776062|1-596608752|1-611506787|1-617084616|1-622295317|1-622940906|1-624450715|1-642846054|1-643706642|1-653254236|1-657163590|1-657768145|1-660393401|1-660786538|1-661706786|1-672807011|1-678626550|1-686642441|1-688509388|1-689160381|1-689525975|1-696839978|1-698346154|1-703383433|1-707623601|1-713106267|1-726760342|1-728461114|1-731908702|1-738820974",50,Yes,"10,00","5,00","10,00","0,83","10,00","0,00","30,00","0,83","6,00","0,71","34,00","0,71",[M-INVI]tau split|[M-INVI]tau from tree|[L]Accepted|[L/M]Accepted|[L/M]Completed|[M-INVI]tau join
5,"1-380632889|1-407876996|1-441507371|1-522460624|1-522949376|1-537169872|1-542919207|1-549431982|1-596331167|1-625322174|1-627630611|1-637713545|1-640254885|1-659922661|1-673224718|1-695486321|1-697811404|1-698216063|1-704703712|1-717222893|1-717275094|1-730084875|1-743809811|1-746118131|1-746148231|1-746175541|1-746245931|1-748720121|1-750437951|1-752141295|1-753238365|1-756712218|1-757671923|1-757671975|1-757715045|1-757715125|1-757715285|1-757715705",38,Yes,"0,00","5,00","0,00","1,00","0,00","1,00","20,00","1,00","5,00","1,00","24,00","1,00",[M-INVI]tau split|[L/M]Accepted|[M-INVI]tau from tree|[L/M]Queued|[M-INVI]tau join
6,"1-360464815|1-390722958|1-404084309|1-514618724|1-515461174|1-524375607|1-564738994|1-574623837|1-575690736|1-594472343|1-596251950|1-613033122|1-616977258|1-622783644|1-637893062|1-639942581|1-641083751|1-641083987|1-641323677|1-642766943|1-644992956|1-647796802|1-650123293|1-656868426|1-681864502|1-683298971|1-686557724|1-686945977|1-688515611|1-693895885|1-694794065|1-732357301|1-742383139",33,Yes,"20,00","5,00","20,00","0,71","20,00","0,00","40,00","0,71","7,00","0,55","44,00","0,55",[M-INVI]tau split|[M-INVI]tau from tree|[L]Accepted|[L]Accepted|[L/M]Accepted|[L/M]Completed|[M-INVI]tau join
7,"1-572078531|1-703190797|1-738520030|1-738520140|1-738520280|1-738520420|1-738520500|1-738554050|1-738554110|1-740740981|1-742730173|1-743877727|1-744088047|1-746018291|1-746018381|1-746148741|1-746205481|1-749184751|1-749840934|1-752294699|1-753301833|1-754526611|1-755467807|1-757113161|1-757533524|1-758231571|1-758989918",27,Yes,"10,00","5,00","10,00","0,83","10,00","0,00","30,00","0,83","6,00","0,71","34,00","0,71",[M-INVI]tau split|[L/M]Accepted|[M-INVI]tau from tree|[L/M]Queued|[M-INVI]tau join|[L]Accepted
8,"1-165554831|1-172473423|1-270427461|1-382209384|1-384097130|1-498324124|1-543300099|1-545738536|1-618589528|1-620925267|1-626515794|1-740460519|1-740618034|1-742523071|1-742894028|1-745546187|1-746534906|1-747090194|1-747689792|1-751461582|1-753569621|1-754584941|1-755443602|1-756484463|1-757480762",25,Yes,"20,00","5,00","20,00","0,71","20,00","0,00","30,00","0,71","7,00","0,41","34,00","0,41",[M-INVI]tau split|[M-INVI]tau from tree|[M-INVI]tau from tree|[L/M]Accepted|[M-INVI]tau join|[L]Accepted|[L]Accepted
9,"1-399013423|1-577737791|1-613364032|1-619146141|1-624403918|1-641530471|1-675797761|1-688725917|1-693595201|1-702482271|1-737341073|1-740681235|1-744321601|1-746331441|1-746341261|1-757510345|1-758528371",17,Yes,"4,00","4,00","4,00","0,80","4,00","0,00","10,00","0,80","5,00","0,71","14,00","0,71",[M-INVI]tau split|[M-REAL]Accepted|[M-INVI]tau from tree|[L/M]Queued|[M-INVI]tau join
10,"1-147898401|1-390250582|1-542027112|1-563779807|1-616288482|1-742295367|1-749730150|1-751087171|1-751548681|1-756296231|1-756651699|1-757096237",12,Yes,"30,00","5,00","30,00","0,62","30,00","2,00","40,00","0,62","8,00","0,32","44,00","0,32",[M-INVI]tau split|[M-INVI]tau from tree|[L]Accepted|[L]Accepted|[L]Accepted|[L/M]Accepted|[M-INVI]tau from tree|[M-INVI]tau join
11,"1-545911672|1-599626401|1-653314473|1-660903884|1-672975080|1-675685459|1-694899814|1-696835891|1-699661601|1-716154984|1-730084841",11,Yes,"0,00","5,00","0,00","1,00","0,00","0,00","30,00","1,00","5,00","1,00","34,00","1,00",[M-INVI]tau split|[L/M]Queued|[L/M]Accepted|[L/M]Completed|[M-INVI]tau join
12,"1-591627183|1-600663061|1-690931471|1-703399394|1-712856449|1-715638561|1-722688743|1-728641711|1-742296921",9,Yes,"10,00","5,00","10,00","0,83","10,00","0,00","40,00","0,83","6,00","0,77","44,00","0,77",[M-INVI]tau split|[L]Accepted|[L/M]Queued|[L/M]Accepted|[L/M]Completed|[M-INVI]tau join
13,"1-370436092|1-422418092|1-619067777|1-740681141|1-747147181|1-750007716|1-752828161|1-758494760",8,Yes,"20,00","5,00","20,00","0,71","20,00","1,00","40,00","0,71","7,00","0,55","44,00","0,55",[M-INVI]tau split|[L/M]Accepted|[M-INVI]tau from tree|[L/M]Queued|[M-INVI]tau join|[L]Accepted|[L]Accepted
14,"1-618041243|1-618116069|1-622618613|1-623873811|1-625459293|1-691786096|1-698044001|1-732289301",8,Yes,"20,00","5,00","20,00","0,71","20,00","0,00","50,00","0,71","7,00","0,63","54,00","0,63",[M-INVI]tau split|[L]Accepted|[L/M]Queued|[L]Accepted|[L/M]Accepted|[L/M]Completed|[M-INVI]tau join
15,"1-427955007|1-535418135|1-547617088|1-637089310|1-701429911|1-728470722",6,Yes,"30,00","5,00","30,00","0,62","30,00","1,00","50,00","0,62","8,00","0,44","54,00","0,44",[M-INVI]tau split|[M-INVI]tau from tree|[L]Accepted|[L]Accepted|[L]Accepted|[L/M]Accepted|[L/M]Completed|[M-INVI]tau join
16,"1-531872604|1-607158761|1-670754761|1-747372912|1-757480343|1-757827277",6,Yes,"10,00","5,00","10,00","0,83","10,00","0,00","30,00","0,83","6,00","0,71","34,00","0,71",[M-INVI]tau split|[M-INVI]tau from tree|[L]Accepted|[L/M]Accepted|[L/M]Queued|[M-INVI]tau join
17,"1-413205820|1-578612990|1-636102195|1-672506739|1-688564824",5,Yes,"30,00","5,00","30,00","0,62","30,00","1,00","60,00","0,62","8,00","0,53","64,00","0,53",[M-INVI]tau split|[L]Accepted|[L]Accepted|[L/M]Queued|[L]Accepted|[L/M]Accepted|[L/M]Completed|[M-INVI]tau join
18,"1-580464971|1-657063150|1-738501821|1-747064611|1-753055854",5,Yes,"30,00","5,00","30,00","0,62","30,00","0,00","50,00","0,62","8,00","0,44","54,00","0,44",[M-INVI]tau split|[L/M]Accepted|[M-INVI]tau from tree|[L/M]Queued|[M-INVI]tau join|[L]Accepted|[L]Queued|[L]Accepted
19,"1-538297321|1-686642543|1-740315794|1-752629415|1-756300970",5,Yes,"0,00","5,00","0,00","1,00","0,00","0,00","20,00","1,00","5,00","1,00","24,00","1,00",[M-INVI]tau split|[L/M]Queued|[M-INVI]tau from tree|[L/M]Accepted|[M-INVI]tau join
20,"1-351314317|1-385201933|1-415000020|1-620432583",4,Yes,"30,00","5,00","30,00","0,62","30,00","0,00","60,00","0,62","8,00","0,53","64,00","0,53",[M-INVI]tau split|[L]Accepted|[L/M]Queued|[L]Accepted|[L]Accepted|[L/M]Accepted|[L/M]Completed|[M-INVI]tau join
21,"1-363206822|1-589370341|1-750717620|1-757671208",4,Yes,"20,00","5,00","20,00","0,71","20,00","1,00","40,00","0,71","7,00","0,55","44,00","0,55",[M-INVI]tau split|[M-INVI]tau from tree|[L]Accepted|[L]Accepted|[L/M]Queued|[L/M]Accepted|[M-INVI]tau join
22,"1-578105842|1-612515539|1-616993936|1-757564651",4,Yes,"10,00","5,00","10,00","0,83","10,00","0,00","30,00","0,83","6,00","0,71","34,00","0,71",[M-INVI]tau split|[L/M]Accepted|[M-INVI]tau from tree|[L]Queued|[L/M]Queued|[M-INVI]tau join
23,"1-628203323|1-675150191|1-720069371",3,Yes,"50,00","5,00","50,00","0,50","50,00","0,00","70,00","0,50","10,00","0,32","74,00","0,32",[M-INVI]tau split|[M-INVI]tau from tree|[L]Accepted|[L]Accepted|[L]Accepted|[L]Accepted|[L]Accepted|[L/M]Accepted|[L/M]Completed|[M-INVI]tau join
24,"1-230541365|1-345132462|1-739385022",3,Yes,"40,00","5,00","40,00","0,56","40,00","0,00","50,00","0,56","9,00","0,26","54,00","0,26",[M-INVI]tau split|[M-INVI]tau from tree|[L]Accepted|[L]Accepted|[L]Accepted|[L]Accepted|[L/M]Accepted|[M-INVI]tau from tree|[M-INVI]tau join
25,"1-512617571|1-574222268|1-641243011",3,Yes,"40,00","5,00","40,00","0,56","40,00","0,00","60,00","0,56","9,00","0,38","64,00","0,38",[M-INVI]tau split|[M-INVI]tau from tree|[L]Accepted|[L]Accepted|[L]Accepted|[L]Accepted|[L/M]Accepted|[L/M]Completed|[M-INVI]tau join
26,"1-588712865|1-621393223|1-696680265",3,Yes,"30,00","5,00","30,00","0,62","30,00","1,00","60,00","0,62","8,00","0,53","64,00","0,53",[M-INVI]tau split|[L]Accepted|[L]Queued|[L/M]Queued|[L]Accepted|[L/M]Accepted|[L/M]Completed|[M-INVI]tau join
27,"1-746464884|1-750106623|1-752294659",3,Yes,"30,00","5,00","30,00","0,62","30,00","0,00","50,00","0,62","8,00","0,44","54,00","0,44",[M-INVI]tau split|[L/M]Accepted|[M-INVI]tau from tree|[L/M]Queued|[M-INVI]tau join|[L]Accepted|[L]Accepted|[L]Accepted
28,"1-375644051|1-502769178|1-743091195",3,Yes,"20,00","5,00","20,00","0,71","20,00","0,00","40,00","0,71","7,00","0,55","44,00","0,55",[M-INVI]tau split|[M-INVI]tau from tree|[L]Accepted|[L]Accepted|[L/M]Accepted|[L/M]Queued|[M-INVI]tau join
29,"1-590574771|1-595293983|1-660268091",3,Yes,"20,00","5,00","20,00","0,71","20,00","0,00","50,00","0,71","7,00","0,63","54,00","0,63",[M-INVI]tau split|[L/M]Queued|[L]Accepted|[L]Completed|[L/M]Accepted|[L/M]Completed|[M-INVI]tau join
30,"1-616409083|1-656510751|1-690327837",3,Yes,"20,00","5,00","20,00","0,71","20,00","0,00","40,00","0,71","7,00","0,55","44,00","0,55",[M-INVI]tau split|[L/M]Accepted|[M-INVI]tau from tree|[L/M]Completed|[M-INVI]tau join|[L]Accepted|[L]Completed
31,"1-736351127|1-736351222",2,Yes,"60,00","5,00","60,00","0,45","60,00","1,00","90,00","0,45","11,00","0,36","94,00","0,36",[M-INVI]tau split|[L]Accepted|[L]Queued|[L]Queued|[L]Accepted|[L]Queued|[L]Accepted|[L/M]Queued|[L/M]Accepted|[L/M]Completed|[M-INVI]tau join
32,"1-182640781|1-236817141",2,Yes,"40,00","5,00","40,00","0,56","40,00","1,00","70,00","0,56","9,00","0,46","74,00","0,46",[M-INVI]tau split|[L]Accepted|[L]Accepted|[L/M]Queued|[L]Accepted|[L]Accepted|[L/M]Accepted|[L/M]Completed|[M-INVI]tau join
33,"1-694222066|1-704650867",2,Yes,"40,00","5,00","40,00","0,56","40,00","0,00","70,00","0,56","9,00","0,46","74,00","0,46",[M-INVI]tau split|[L]Accepted|[L/M]Queued|[L]Accepted|[L]Queued|[L]Accepted|[L/M]Accepted|[L/M]Completed|[M-INVI]tau join
34,"1-739633778|1-750090643",2,Yes,"40,00","5,00","40,00","0,56","40,00","0,00","60,00","0,56","9,00","0,38","64,00","0,38",[M-INVI]tau split|[L/M]Accepted|[M-INVI]tau from tree|[L/M]Queued|[M-INVI]tau join|[L]Accepted|[L]Queued|[L]Accepted|[L]Accepted
35,"1-697041731|1-698842669",2,Yes,"30,00","5,00","30,00","0,62","30,00","0,00","50,00","0,62","8,00","0,44","54,00","0,44",[M-INVI]tau split|[M-INVI]tau from tree|[L]Accepted|[L]Accepted|[L]Completed|[L/M]Accepted|[L/M]Completed|[M-INVI]tau join
36,"1-360072755|1-757154661",2,Yes,"20,00","5,00","20,00","0,71","20,00","0,00","40,00","0,71","7,00","0,55","44,00","0,55",[M-INVI]tau split|[L/M]Queued|[M-INVI]tau from tree|[L]Accepted|[L]Accepted|[L/M]Accepted|[M-INVI]tau join
37,"1-604882241|1-709552565",2,Yes,"20,00","5,00","20,00","0,71","20,00","0,00","40,00","0,71","7,00","0,55","44,00","0,55",[M-INVI]tau split|[L/M]Accepted|[M-INVI]tau from tree|[L/M]Queued|[M-INVI]tau join|[L]Accepted|[L]Queued
38,"1-620483711|1-636080278",2,Yes,"20,00","5,00","20,00","0,71","20,00","1,00","40,00","0,71","7,00","0,55","44,00","0,55",[M-INVI]tau split|[L/M]Accepted|[M-INVI]tau from tree|[L/M]Queued|[M-INVI]tau join|[L]Queued|[L]Accepted
39,"1-669119156|1-688280019",2,Yes,"20,00","5,00","20,00","0,71","20,00","0,00","50,00","0,71","7,00","0,63","54,00","0,63",[M-INVI]tau split|[L/M]Queued|[L]Accepted|[L]Accepted|[L/M]Accepted|[L/M]Completed|[M-INVI]tau join
40,"1-704977245|1-747681195",2,Yes,"20,00","5,00","20,00","0,71","20,00","0,00","40,00","0,71","7,00","0,55","44,00","0,55",[M-INVI]tau split|[L/M]Accepted|[M-INVI]tau from tree|[L]Queued|[L]Queued|[L/M]Queued|[M-INVI]tau join
41,"1-647841758|1-691093464",2,Yes,"10,00","5,00","10,00","0,83","10,00","0,00","40,00","0,83","6,00","0,77","44,00","0,77",[M-INVI]tau split|[L]Accepted|[L/M]Completed|[L/M]Accepted|[L/M]Queued|[M-INVI]tau join
42,"1-653989471|1-745995763",2,Yes,"10,00","5,00","10,00","0,83","10,00","0,00","30,00","0,83","6,00","0,71","34,00","0,71",[M-INVI]tau split|[L/M]Queued|[M-INVI]tau from tree|[L]Accepted|[L/M]Accepted|[M-INVI]tau join
43,"1-738300041",1,Yes,"200,00","5,00","200,00","0,20","200,00","1,00","220,00","0,20","25,00","0,11","224,00","0,11",[M-INVI]tau split|[M-INVI]tau from tree|[L]Accepted|[L]Accepted|[L/M]Queued|[L]Accepted|[L]Queued|[L]Accepted|[L]Queued|[L]Accepted|[L]Queued|[L]Accepted|[L]Queued|[L]Accepted|[L]Accepted|[L]Accepted|[L]Queued|[L]Accepted|[L]Queued|[L]Accepted|[L]Accepted|[L]Queued|[L]Accepted|[L/M]Accepted|[M-INVI]tau join
44,"1-636931254",1,Yes,"160,00","5,00","160,00","0,24","160,00","2,00","190,00","0,24","21,00","0,18","194,00","0,18",[M-INVI]tau split|[L]Accepted|[L]Accepted|[L]Accepted|[L]Queued|[L]Accepted|[L/M]Queued|[L]Accepted|[L/M]Completed|[L]Accepted|[L]Queued|[L]Accepted|[L]Accepted|[L]Completed|[L]Accepted|[L]Accepted|[L]Accepted|[L]Completed|[L/M]Accepted|[M-INVI]tau join|[L]Completed
45,"1-703540157",1,Yes,"120,00","5,00","120,00","0,29","120,00","1,00","150,00","0,29","17,00","0,22","154,00","0,22",[M-INVI]tau split|[L/M]Accepted|[L/M]Queued|[L]Queued|[L]Accepted|[L]Queued|[L]Queued|[L]Accepted|[L]Queued|[L]Accepted|[L]Queued|[L]Accepted|[L]Accepted|[L]Queued|[L]Accepted|[L/M]Completed|[M-INVI]tau join
46,"1-753504966",1,Yes,"90,00","5,00","90,00","0,36","90,00","0,00","110,00","0,36","14,00","0,21","114,00","0,21",[M-INVI]tau split|[M-INVI]tau from tree|[L/M]Accepted|[L/M]Queued|[M-INVI]tau join|[L]Accepted|[L]Queued|[L]Accepted|[L]Accepted|[L]Queued|[L]Accepted|[L]Accepted|[L]Queued|[L]Accepted
47,"1-602870173",1,Yes,"80,00","5,00","80,00","0,38","80,00","1,00","100,00","0,38","13,00","0,23","104,00","0,23",[M-INVI]tau split|[M-INVI]tau from tree|[L/M]Accepted|[L/M]Queued|[M-INVI]tau join|[L]Accepted|[L]Queued|[L]Queued|[L]Accepted|[L]Queued|[L]Accepted|[L]Accepted|[L]Queued
48,"1-707300171",1,Yes,"80,00","5,00","80,00","0,38","80,00","0,00","110,00","0,38","13,00","0,30","114,00","0,30",[M-INVI]tau split|[L]Accepted|[L]Accepted|[L]Queued|[L]Queued|[L/M]Queued|[L]Accepted|[L]Queued|[L]Accepted|[L]Accepted|[L/M]Accepted|[L/M]Completed|[M-INVI]tau join
49,"1-739695919",1,Yes,"80,00","5,00","80,00","0,38","80,00","1,00","110,00","0,38","13,00","0,30","114,00","0,30",[M-INVI]tau split|[L/M]Accepted|[L/M]Queued|[L]Queued|[L]Accepted|[L]Accepted|[L]Queued|[L]Queued|[L]Accepted|[L]Completed|[L]Accepted|[L/M]Completed|[M-INVI]tau join
50,"1-740597491",1,Yes,"80,00","5,00","80,00","0,38","80,00","0,00","100,00","0,38","13,00","0,23","104,00","0,23",[M-INVI]tau split|[M-INVI]tau from tree|[L/M]Queued|[L/M]Accepted|[M-INVI]tau join|[L]Queued|[L]Accepted|[L]Queued|[L]Accepted|[L]Queued|[L]Queued|[L]Accepted|[L]Queued
51,"1-573830584",1,Yes,"70,00","5,00","70,00","0,42","70,00","0,00","90,00","0,42","12,00","0,26","94,00","0,26",[M-INVI]tau split|[L]Accepted|[L]Accepted|[L]Accepted|[L]Accepted|[L]Accepted|[L]Accepted|[L]Accepted|[L/M]Accepted|[M-INVI]tau from tree|[L/M]Completed|[M-INVI]tau join
52,"1-621311061",1,Yes,"70,00","5,00","70,00","0,42","70,00","0,00","90,00","0,42","12,00","0,26","94,00","0,26",[M-INVI]tau split|[L/M]Accepted|[L/M]Completed|[M-INVI]tau from tree|[M-INVI]tau join|[L]Accepted|[L]Accepted|[L]Completed|[L]Accepted|[L]Completed|[L]Accepted|[L]Completed
53,"1-694385837",1,Yes,"70,00","5,00","70,00","0,42","70,00","0,00","90,00","0,42","12,00","0,26","94,00","0,26",[M-INVI]tau split|[L]Accepted|[L/M]Completed|[M-INVI]tau from tree|[L]Accepted|[L]Completed|[L]Accepted|[L]Accepted|[L]Completed|[L/M]Accepted|[M-INVI]tau join|[L]Completed
54,"1-719199254",1,Yes,"70,00","5,00","70,00","0,42","70,00","0,00","90,00","0,42","12,00","0,26","94,00","0,26",[M-INVI]tau split|[L]Accepted|[L]Accepted|[L]Completed|[L]Accepted|[L/M]Completed|[M-INVI]tau from tree|[L]Accepted|[L]Completed|[L/M]Accepted|[M-INVI]tau join|[L]Completed
55,"1-747371909",1,Yes,"70,00","5,00","70,00","0,42","70,00","0,00","90,00","0,42","12,00","0,26","94,00","0,26",[M-INVI]tau split|[M-INVI]tau from tree|[L/M]Accepted|[L/M]Queued|[M-INVI]tau join|[L]Accepted|[L]Queued|[L]Accepted|[L]Queued|[L]Accepted|[L]Accepted|[L]Queued
56,"1-747473781",1,Yes,"70,00","5,00","70,00","0,42","70,00","0,00","90,00","0,42","12,00","0,26","94,00","0,26",[M-INVI]tau split|[L/M]Queued|[M-INVI]tau from tree|[L/M]Accepted|[M-INVI]tau join|[L]Queued|[L]Accepted|[L]Queued|[L]Accepted|[L]Queued|[L]Accepted|[L]Accepted
57,"1-752141231",1,Yes,"70,00","5,00","70,00","0,42","70,00","1,00","90,00","0,42","12,00","0,26","94,00","0,26",[M-INVI]tau split|[M-INVI]tau from tree|[L/M]Accepted|[L/M]Queued|[M-INVI]tau join|[L]Accepted|[L]Queued|[L]Queued|[L]Accepted|[L]Queued|[L]Accepted|[L]Queued
58,"1-359841262",1,Yes,"60,00","5,00","60,00","0,45","60,00","1,00","80,00","0,45","11,00","0,29","84,00","0,29",[M-INVI]tau split|[M-INVI]tau from tree|[L]Accepted|[L]Accepted|[L/M]Queued|[L]Accepted|[L]Queued|[L]Accepted|[L]Accepted|[L/M]Accepted|[M-INVI]tau join
59,"1-404736991",1,Yes,"60,00","5,00","60,00","0,45","60,00","0,00","80,00","0,45","11,00","0,29","84,00","0,29",[M-INVI]tau split|[L]Accepted|[L]Accepted|[L]Accepted|[L]Accepted|[L]Accepted|[L]Accepted|[L/M]Accepted|[L/M]Completed|[M-INVI]tau from tree|[M-INVI]tau join
60,"1-433910332",1,Yes,"60,00","5,00","60,00","0,45","60,00","0,00","70,00","0,45","11,00","0,19","74,00","0,19",[M-INVI]tau split|[M-INVI]tau from tree|[L]Accepted|[L]Accepted|[L]Accepted|[L]Accepted|[L]Accepted|[L]Accepted|[L/M]Accepted|[M-INVI]tau from tree|[M-INVI]tau join
61,"1-560404489",1,Yes,"60,00","5,00","60,00","0,45","60,00","0,00","80,00","0,45","11,00","0,29","84,00","0,29",[M-INVI]tau split|[L/M]Accepted|[M-INVI]tau from tree|[L/M]Queued|[M-INVI]tau join|[L]Queued|[L]Accepted|[L]Accepted|[L]Accepted|[L]Accepted|[L]Queued
62,"1-581898739",1,Yes,"60,00","5,00","60,00","0,45","60,00","0,00","90,00","0,45","11,00","0,36","94,00","0,36",[M-INVI]tau split|[L]Accepted|[L]Queued|[L]Accepted|[L]Queued|[L]Queued|[L/M]Queued|[L]Accepted|[L/M]Completed|[L/M]Accepted|[M-INVI]tau join
63,"1-697458590",1,Yes,"60,00","5,00","60,00","0,45","60,00","0,00","90,00","0,45","11,00","0,36","94,00","0,36",[M-INVI]tau split|[L]Accepted|[L/M]Queued|[L]Accepted|[L]Queued|[L]Accepted|[L]Accepted|[L]Accepted|[L/M]Accepted|[L/M]Completed|[M-INVI]tau join
64,"1-699103215",1,Yes,"60,00","5,00","60,00","0,45","60,00","0,00","90,00","0,45","11,00","0,36","94,00","0,36",[M-INVI]tau split|[L]Accepted|[L/M]Queued|[L]Accepted|[L]Queued|[L]Accepted|[L]Queued|[L/M]Accepted|[L]Accepted|[L/M]Completed|[M-INVI]tau join
65,"1-700498223",1,Yes,"60,00","5,00","60,00","0,45","60,00","0,00","90,00","0,45","11,00","0,36","94,00","0,36",[M-INVI]tau split|[L]Queued|[L]Accepted|[L]Queued|[L]Accepted|[L/M]Queued|[L]Accepted|[L]Accepted|[L/M]Accepted|[L/M]Completed|[M-INVI]tau join
66,"1-710114300",1,Yes,"60,00","5,00","60,00","0,45","60,00","1,00","80,00","0,45","11,00","0,29","84,00","0,29",[M-INVI]tau split|[L/M]Accepted|[M-INVI]tau from tree|[L/M]Queued|[M-INVI]tau join|[L]Accepted|[L]Accepted|[L]Queued|[L]Accepted|[L]Queued|[L]Accepted
67,"1-722674364",1,Yes,"60,00","5,00","60,00","0,45","60,00","0,00","80,00","0,45","11,00","0,29","84,00","0,29",[M-INVI]tau split|[L/M]Accepted|[M-INVI]tau from tree|[L/M]Queued|[M-INVI]tau join|[L]Queued|[L]Queued|[L]Accepted|[L]Queued|[L]Accepted|[L]Queued
68,"1-738322892",1,Yes,"60,00","5,00","60,00","0,45","60,00","0,00","80,00","0,45","11,00","0,29","84,00","0,29",[M-INVI]tau split|[M-INVI]tau from tree|[L]Accepted|[L]Accepted|[L/M]Queued|[L]Accepted|[L]Queued|[L]Accepted|[L/M]Accepted|[M-INVI]tau join|[L]Queued
69,"1-743606342",1,Yes,"60,00","5,00","60,00","0,45","60,00","1,00","80,00","0,45","11,00","0,29","84,00","0,29",[M-INVI]tau split|[M-INVI]tau from tree|[L/M]Queued|[L/M]Accepted|[M-INVI]tau join|[L]Queued|[L]Accepted|[L]Queued|[L]Accepted|[L]Queued|[L]Accepted
70,"1-745770713",1,Yes,"60,00","5,00","60,00","0,45","60,00","0,00","90,00","0,45","11,00","0,36","94,00","0,36",[M-INVI]tau split|[L]Queued|[L]Accepted|[L/M]Completed|[L]Accepted|[L/M]Queued|[L/M]Accepted|[M-INVI]tau join|[L]Queued|[L]Accepted|[L]Accepted
71,"1-750499270",1,Yes,"60,00","5,00","60,00","0,45","60,00","0,00","80,00","0,45","11,00","0,29","84,00","0,29",[M-INVI]tau split|[L/M]Accepted|[M-INVI]tau from tree|[L/M]Queued|[M-INVI]tau join|[L]Accepted|[L]Accepted|[L]Accepted|[L]Accepted|[L]Queued|[L]Accepted
72,"1-367921041",1,Yes,"50,00","5,00","50,00","0,50","50,00","0,00","80,00","0,50","10,00","0,40","84,00","0,40",[M-INVI]tau split|[L/M]Queued|[L]Accepted|[L]Accepted|[L]Accepted|[L]Accepted|[L]Accepted|[L/M]Accepted|[L/M]Completed|[M-INVI]tau join
73,"1-415822336",1,Yes,"50,00","5,00","50,00","0,50","50,00","0,00","70,00","0,50","10,00","0,32","74,00","0,32",[M-INVI]tau split|[M-INVI]tau from tree|[L]Accepted|[L]Accepted|[L]Queued|[L]Queued|[L/M]Queued|[L]Accepted|[L/M]Accepted|[M-INVI]tau join
74,"1-619109941",1,Yes,"50,00","5,00","50,00","0,50","50,00","1,00","70,00","0,50","10,00","0,32","74,00","0,32",[M-INVI]tau split|[M-INVI]tau from tree|[L/M]Queued|[L/M]Accepted|[M-INVI]tau join|[L]Queued|[L]Queued|[L]Queued|[L]Queued|[L]Accepted
75,"1-638091067",1,Yes,"50,00","5,00","50,00","0,50","50,00","0,00","80,00","0,50","10,00","0,40","84,00","0,40",[M-INVI]tau split|[L]Accepted|[L/M]Completed|[L]Accepted|[L]Accepted|[L/M]Queued|[L]Accepted|[L/M]Accepted|[M-INVI]tau join|[L]Completed
76,"1-688380091",1,Yes,"50,00","5,00","50,00","0,50","50,00","0,00","70,00","0,50","10,00","0,32","74,00","0,32",[M-INVI]tau split|[M-INVI]tau from tree|[L]Accepted|[L]Accepted|[L/M]Queued|[L]Accepted|[L]Accepted|[L]Accepted|[L/M]Accepted|[M-INVI]tau join
77,"1-749851721",1,Yes,"50,00","5,00","50,00","0,50","50,00","0,00","70,00","0,50","10,00","0,32","74,00","0,32",[M-INVI]tau split|[L/M]Accepted|[M-INVI]tau from tree|[L/M]Queued|[M-INVI]tau join|[L]Accepted|[L]Queued|[L]Queued|[L]Accepted|[L]Accepted
78,"1-753487360",1,Yes,"50,00","5,00","50,00","0,50","50,00","0,00","70,00","0,50","10,00","0,32","74,00","0,32",[M-INVI]tau split|[L/M]Accepted|[M-INVI]tau from tree|[L/M]Queued|[M-INVI]tau join|[L]Accepted|[L]Queued|[L]Accepted|[L]Accepted|[L]Queued
79,"1-758488261",1,Yes,"50,00","5,00","50,00","0,50","50,00","0,00","70,00","0,50","10,00","0,32","74,00","0,32",[M-INVI]tau split|[L/M]Accepted|[M-INVI]tau from tree|[L/M]Queued|[M-INVI]tau join|[L]Accepted|[L]Queued|[L]Accepted|[L]Queued|[L]Accepted
80,"1-378050311",1,Yes,"40,00","5,00","40,00","0,56","40,00","0,00","70,00","0,56","9,00","0,46","74,00","0,46",[M-INVI]tau split|[L]Accepted|[L]Accepted|[L]Accepted|[L]Accepted|[L/M]Queued|[L/M]Accepted|[L/M]Completed|[M-INVI]tau join
81,"1-473084325",1,Yes,"40,00","5,00","40,00","0,56","40,00","1,00","70,00","0,56","9,00","0,46","74,00","0,46",[M-INVI]tau split|[L]Queued|[L]Queued|[L]Queued|[L/M]Queued|[L]Accepted|[L/M]Accepted|[L/M]Completed|[M-INVI]tau join
82,"1-542940765",1,Yes,"40,00","5,00","40,00","0,56","40,00","1,00","70,00","0,56","9,00","0,46","74,00","0,46",[M-INVI]tau split|[L]Accepted|[L]Accepted|[L]Queued|[L]Accepted|[L/M]Queued|[L/M]Accepted|[L/M]Completed|[M-INVI]tau join
83,"1-577996886",1,Yes,"40,00","5,00","40,00","0,56","40,00","1,00","70,00","0,56","9,00","0,46","74,00","0,46",[M-INVI]tau split|[L]Accepted|[L]Queued|[L]Queued|[L]Queued|[L/M]Queued|[L/M]Accepted|[L/M]Completed|[M-INVI]tau join
84,"1-617696569",1,Yes,"40,00","5,00","40,00","0,56","40,00","0,00","60,00","0,56","9,00","0,38","64,00","0,38",[M-INVI]tau split|[L/M]Accepted|[L/M]Completed|[M-INVI]tau from tree|[M-INVI]tau join|[L]Accepted|[L]Completed|[L]Accepted|[L]Completed
85,"1-619699161",1,Yes,"40,00","5,00","40,00","0,56","40,00","0,00","70,00","0,56","9,00","0,46","74,00","0,46",[M-INVI]tau split|[L]Accepted|[L/M]Queued|[L]Accepted|[L/M]Completed|[L]Accepted|[L/M]Accepted|[M-INVI]tau join|[L]Completed
86,"1-631117870",1,Yes,"40,00","5,00","40,00","0,56","40,00","0,00","70,00","0,56","9,00","0,46","74,00","0,46",[M-INVI]tau split|[L]Accepted|[L]Accepted|[L]Accepted|[L]Queued|[L/M]Queued|[L/M]Accepted|[L/M]Completed|[M-INVI]tau join
87,"1-698998499",1,Yes,"40,00","5,00","40,00","0,56","40,00","1,00","70,00","0,56","9,00","0,46","74,00","0,46",[M-INVI]tau split|[L]Accepted|[L]Queued|[L]Queued|[L/M]Queued|[L]Accepted|[L/M]Accepted|[L/M]Completed|[M-INVI]tau join
88,"1-733562890",1,Yes,"40,00","5,00","40,00","0,56","40,00","0,00","70,00","0,56","9,00","0,46","74,00","0,46",[M-INVI]tau split|[L]Queued|[L]Accepted|[L/M]Queued|[L]Accepted|[L]Accepted|[L/M]Accepted|[L/M]Completed|[M-INVI]tau join
89,"1-741987554",1,Yes,"40,00","5,00","40,00","0,56","40,00","0,00","60,00","0,56","9,00","0,38","64,00","0,38",[M-INVI]tau split|[M-INVI]tau from tree|[L]Accepted|[L]Accepted|[L]Accepted|[L]Accepted|[L/M]Accepted|[L/M]Queued|[M-INVI]tau join
90,"1-746018891",1,Yes,"40,00","5,00","40,00","0,56","40,00","0,00","60,00","0,56","9,00","0,38","64,00","0,38",[M-INVI]tau split|[L/M]Accepted|[M-INVI]tau from tree|[L/M]Queued|[M-INVI]tau join|[L]Queued|[L]Queued|[L]Accepted|[L]Queued
91,"1-750411941",1,Yes,"40,00","5,00","40,00","0,56","40,00","0,00","60,00","0,56","9,00","0,38","64,00","0,38",[M-INVI]tau split|[L/M]Queued|[M-INVI]tau from tree|[L/M]Accepted|[M-INVI]tau join|[L]Accepted|[L]Queued|[L]Accepted|[L]Accepted
92,"1-753245663",1,Yes,"40,00","5,00","40,00","0,56","40,00","0,00","60,00","0,56","9,00","0,38","64,00","0,38",[M-INVI]tau split|[L/M]Accepted|[M-INVI]tau from tree|[L/M]Queued|[M-INVI]tau join|[L]Accepted|[L]Accepted|[L]Queued|[L]Accepted
93,"1-754949761",1,Yes,"40,00","5,00","40,00","0,56","40,00","0,00","60,00","0,56","9,00","0,38","64,00","0,38",[M-INVI]tau split|[L/M]Queued|[M-INVI]tau from tree|[L]Accepted|[L]Accepted|[L]Accepted|[L]Accepted|[L/M]Accepted|[M-INVI]tau join
94,"1-726517211",1,Yes,"30,00","5,00","30,00","0,62","30,00","0,00","50,00","0,62","8,00","0,44","54,00","0,44",[M-INVI]tau split|[M-INVI]tau from tree|[L]Accepted|[L]Accepted|[L]Queued|[L/M]Accepted|[L/M]Queued|[M-INVI]tau join
95,"1-749119026",1,Yes,"30,00","5,00","30,00","0,62","30,00","0,00","50,00","0,62","8,00","0,44","54,00","0,44",[M-INVI]tau split|[L/M]Accepted|[M-INVI]tau from tree|[L/M]Queued|[M-INVI]tau join|[L]Queued|[L]Accepted|[L]Queued
96,"1-754168350",1,Yes,"30,00","5,00","30,00","0,62","30,00","0,00","50,00","0,62","8,00","0,44","54,00","0,44",[M-INVI]tau split|[L/M]Accepted|[M-INVI]tau from tree|[L/M]Queued|[M-INVI]tau join|[L]Accepted|[L]Accepted|[L]Queued
97,"1-756110987",1,Yes,"30,00","5,00","30,00","0,62","30,00","0,00","50,00","0,62","8,00","0,44","54,00","0,44",[M-INVI]tau split|[L/M]Accepted|[M-INVI]tau from tree|[L/M]Queued|[M-INVI]tau join|[L]Accepted|[L]Queued|[L]Queued
98,"1-546838031",1,Yes,"20,00","5,00","20,00","0,71","20,00","0,00","50,00","0,71","7,00","0,63","54,00","0,63",[M-INVI]tau split|[L]Queued|[L/M]Queued|[L]Accepted|[L/M]Accepted|[L/M]Completed|[M-INVI]tau join
99,"1-599157751",1,Yes,"20,00","5,00","20,00","0,71","20,00","0,00","50,00","0,71","7,00","0,63","54,00","0,63",[M-INVI]tau split|[L]Accepted|[L]Queued|[L/M]Queued|[L/M]Accepted|[L/M]Completed|[M-INVI]tau join
100,"1-617356985",1,Yes,"20,00","5,00","20,00","0,71","20,00","0,00","50,00","0,71","7,00","0,63","54,00","0,63",[M-INVI]tau split|[L]Accepted|[L/M]Completed|[L]Accepted|[L/M]Accepted|[L/M]Queued|[M-INVI]tau join
101,"1-640387614",1,Yes,"20,00","5,00","20,00","0,71","20,00","0,00","40,00","0,71","7,00","0,55","44,00","0,55",[M-INVI]tau split|[M-INVI]tau from tree|[L]Accepted|[L/M]Accepted|[L]Queued|[L/M]Queued|[M-INVI]tau join
102,"1-689469104",1,Yes,"20,00","5,00","20,00","0,71","20,00","0,00","50,00","0,71","7,00","0,63","54,00","0,63",[M-INVI]tau split|[L]Queued|[L]Queued|[L/M]Queued|[L/M]Accepted|[L/M]Completed|[M-INVI]tau join
103,"1-752294640",1,Yes,"20,00","5,00","20,00","0,71","20,00","0,00","40,00","0,71","7,00","0,55","44,00","0,55",[M-INVI]tau split|[L/M]Queued|[M-INVI]tau from tree|[L/M]Accepted|[M-INVI]tau join|[L]Accepted|[L]Queued
104,"1-690762471",1,Yes,"14,00","4,00","14,00","0,67","14,00","1,00","20,00","0,67","6,00","0,42","24,00","0,42",[M-INVI]tau split|[M-INVI]tau from tree|[L/M]Queued|[M-REAL]Accepted|[M-INVI]tau join|[L]Queued
105,"1-739606592",1,Yes,"10,00","5,00","10,00","0,83","10,00","0,00","30,00","0,83","6,00","0,71","34,00","0,71",[M-INVI]tau split|[L/M]Accepted|[M-INVI]tau from tree|[L/M]Completed|[M-INVI]tau join|[L]Accepted
106,"1-746538521",1,Yes,"10,00","5,00","10,00","0,83","10,00","0,00","30,00","0,83","6,00","0,71","34,00","0,71",[M-INVI]tau split|[L/M]Queued|[M-INVI]tau from tree|[L/M]Accepted|[M-INVI]tau join|[L]Queued
107,"1-756301789",1,Yes,"10,00","5,00","10,00","0,83","10,00","0,00","30,00","0,83","6,00","0,71","34,00","0,71",[M-INVI]tau split|[M-INVI]tau from tree|[L]Queued|[L/M]Queued|[L/M]Accepted|[M-INVI]tau join
108,"1-742833777",1,Yes,"4,00","4,00","4,00","0,80","4,00","0,00","10,00","0,80","5,00","0,71","14,00","0,71",[M-INVI]tau split|[M-REAL]Accepted|[M-INVI]tau from tree|[L/M]Completed|[M-INVI]tau join


ONLY RELIABLE RESULTS

Property,Value
#Reliable cases replayed,819
#Synchronous ev.class (log+model),1404
#Skipped ev.class,19
#Unobservable ev.class,2672
#Inserted ev.class,947
Decomposed Sync-Move Numerator,4.976800976800984
Calculation Time (ms),0.3516483516483517
Raw Fitness Cost,11.655677655677668
Max Move-Log Cost,28.705738705738696
Decomposed Sync-Move Denominator,6.156288156288158
Min Model-Move Cost,4.0
Log Fitness,0.6436198013887847


Property,Average,Minimum,Maximum,Std. Deviation,Number of cases with value 1.00
"Raw Fitness Cost Lo","11,66","0,00","200,00","18,04","0,00"
"Decomposed Sync-Move Numerator","4,98","4,00","5,00","0,15","0,00"
"Raw Fitness Cost Hi","11,66","0,00","200,00","18,04","0,00"
"Sync-Move Fitness","0,85","0,20","1,00","0,16","370,00"
"Raw Fitness Cost","11,66","0,00","200,00","18,04","0,00"
"Calculation Time (ms)","0,35","0,00","2,00","0,51","262,00"
"Max Move-Log Cost","28,71","10,00","220,00","20,84","0,00"
"Decomposed Sync-Move Fitness","0,85","0,20","1,00","0,16","370,00"
"Decomposed Sync-Move Denominator","6,16","5,00","25,00","1,81","0,00"
"Raw Fitness Perc Hi","0,75","0,11","1,00","0,24","370,00"
"Raw Fitness Cost Max","32,71","14,00","224,00","20,84","0,00"
"Raw Fitness Perc Lo","0,75","0,11","1,00","0,24","370,00"
